source_file,speaker,n_segments,speaker_name,speaker_role,identity_evidence,notes
CyrusOne/Cyrusone_Hearing_12032025.mp3,SPEAKER_00,8,,,,
CyrusOne/Cyrusone_Hearing_12032025.mp3,SPEAKER_01,31,,,,
CyrusOne/Cyrusone_Hearing_12032025.mp3,SPEAKER_02,23,,,,
CyrusOne/Cyrusone_Hearing_12032025.mp3,SPEAKER_03,4,,,,
CyrusOne/Cyrusone_Hearing_12032025.mp3,SPEAKER_04,12,,,,
CyrusOne/Cyrusone_Hearing_12032025.mp3,SPEAKER_05,20,,,,
CyrusOne/Cyrusone_Hearing_12032025.mp3,SPEAKER_06,227,,,,
CyrusOne/Cyrusone_Hearing_12032025.mp3,SPEAKER_07,41,,,,
CyrusOne/Cyrusone_Hearing_12032025.mp3,SPEAKER_08,55,,,,
CyrusOne/Cyrusone_Hearing_12032025.mp3,SPEAKER_09,100,,,,
CyrusOne/Cyrusone_Hearing_12032025.mp3,SPEAKER_10,32,,,,
CyrusOne/Cyrusone_Hearing_12032025.mp3,SPEAKER_11,29,,,,
CyrusOne/Cyrusone_Hearing_12032025.mp3,SPEAKER_12,29,,,,
CyrusOne/Cyrusone_Hearing_12032025.mp3,SPEAKER_13,21,,,,
CyrusOne/Cyrusone_Hearing_12032025.mp3,SPEAKER_14,403,,,,
CyrusOne/Cyrusone_Hearing_12032025.mp3,SPEAKER_15,50,,,,
CyrusOne/Cyrusone_Hearing_12032025.mp3,SPEAKER_16,14,,,,
CyrusOne/Cyrusone_Hearing_12032025.mp3,SPEAKER_17,24,,,,
CyrusOne/Cyrusone_Hearing_12032025.mp3,SPEAKER_18,47,,,,
CyrusOne/Cyrusone_Hearing_12032025.mp3,SPEAKER_19,19,,,,
CyrusOne/Cyrusone_Hearing_12032025.mp3,SPEAKER_20,124,,,,
CyrusOne/Cyrusone_Hearing_12032025.mp3,SPEAKER_21,44,,,,
CyrusOne/Cyrusone_Hearing_12032025.mp3,SPEAKER_22,71,,,,
CyrusOne/Cyrusone_Hearing_12032025.mp3,SPEAKER_23,351,,,,
CyrusOne/Cyrusone_Hearing_12032025.mp3,SPEAKER_24,15,,,,
CyrusOne/Cyrusone_Hearing_12032025.mp3,SPEAKER_25,585,,,,
CyrusOne/Cyrusone_Hearing_12032025.mp3,SPEAKER_26,48,,,,
CyrusOne/Cyrusone_Hearing_12032025.mp3,SPEAKER_27,13,,,,
CyrusOne/Cyrusone_Hearing_12032025.mp3,SPEAKER_28,34,,,,
CyrusOne/Cyrusone_Hearing_12032025.mp3,SPEAKER_29,70,,,,
CyrusOne/Cyrusone_Hearing_12032025.mp3,SPEAKER_30,54,,,,
CyrusOne/Cyrusone_Hearing_12032025.mp3,SPEAKER_31,32,,,,
CyrusOne/Cyrusone_Hearing_12032025.mp3,SPEAKER_32,32,,,,
CyrusOne/Cyrusone_Hearing_12032025.mp3,SPEAKER_33,20,,,,
CyrusOne/Cyrusone_Hearing_12032025.mp3,SPEAKER_34,88,,,,
CyrusOne/Cyrusone_Hearing_12032025.mp3,SPEAKER_35,50,,,,
CyrusOne/Cyrusone_Hearing_12032025.mp3,SPEAKER_36,33,,,,
CyrusOne/Cyrusone_Hearing_12032025.mp3,SPEAKER_37,109,,,,
CyrusOne/Cyrusone_Hearing_12032025.mp3,SPEAKER_38,14,,,,
CyrusOne/Cyrusone_Hearing_12032025.mp3,SPEAKER_39,27,,,,
CyrusOne/Cyrusone_Hearing_12032025.mp3,SPEAKER_40,35,,,,
CyrusOne/Cyrusone_Hearing_12032025.mp3,SPEAKER_41,23,,,,
CyrusOne/Cyrusone_Hearing_12032025.mp3,SPEAKER_42,28,,,,
CyrusOne/Cyrusone_Hearing_12032025.mp3,SPEAKER_43,12,,,,
CyrusOne/Cyrusone_Hearing_12032025.mp3,SPEAKER_44,29,,,,
CyrusOne/Cyrusone_Hearing_12032025.mp3,SPEAKER_45,132,,,,
CyrusOne/Cyrusone_Hearing_12032025.mp3,SPEAKER_46,71,,,,
CyrusOne/Cyrusone_Hearing_12032025.mp3,SPEAKER_47,13,,,,
CyrusOne/COB_20260323_Imported.mp3,SPEAKER_00,9,,,,
CyrusOne/COB_20260323_Imported.mp3,SPEAKER_01,19,,,,
CyrusOne/COB_20260323_Imported.mp3,SPEAKER_02,21,,,,
CyrusOne/COB_20260323_Imported.mp3,SPEAKER_03,7,,,,
CyrusOne/COB_20260323_Imported.mp3,SPEAKER_04,18,,,,
CyrusOne/COB_20260323_Imported.mp3,SPEAKER_05,24,,,,
CyrusOne/COB_20260323_Imported.mp3,SPEAKER_06,98,,,,
CyrusOne/COB_20260323_Imported.mp3,SPEAKER_07,27,,,,
CyrusOne/COB_20260323_Imported.mp3,SPEAKER_08,23,,,,
CyrusOne/COB_20260323_Imported.mp3,SPEAKER_09,21,,,,
CyrusOne/COB_20260323_Imported.mp3,SPEAKER_10,29,,,,
CyrusOne/COB_20260323_Imported.mp3,SPEAKER_11,34,,,,
CyrusOne/COB_20260323_Imported.mp3,SPEAKER_12,18,,,,
CyrusOne/COB_20260323_Imported.mp3,SPEAKER_13,22,,,,
CyrusOne/COB_20260323_Imported.mp3,SPEAKER_14,16,,,,
CyrusOne/COB_20260323_Imported.mp3,SPEAKER_15,17,,,,
CyrusOne/COB_20260323_Imported.mp3,SPEAKER_16,33,,,,
CyrusOne/COB_20260323_Imported.mp3,SPEAKER_17,81,,,,
CyrusOne/COB_20260323_Imported.mp3,SPEAKER_18,24,,,,
CyrusOne/COB_20260323_Imported.mp3,SPEAKER_19,67,,,,
CyrusOne/COB_20260323_Imported.mp3,SPEAKER_20,20,,,,
CyrusOne/COB_20260323_Imported.mp3,SPEAKER_21,27,,,,
CyrusOne/COB_20260323_Imported.mp3,SPEAKER_22,22,,,,
CyrusOne/COB_20260323_Imported.mp3,SPEAKER_23,19,,,,
CyrusOne/COB_20260323_Imported.mp3,SPEAKER_24,14,,,,
CyrusOne/COB_20260323_Imported.mp3,SPEAKER_25,20,,,,
CyrusOne/COB_20260323_Imported.mp3,SPEAKER_26,29,,,,
CyrusOne/COB_20260323_Imported.mp3,SPEAKER_27,13,,,,
CyrusOne/COB_20260323_Imported.mp3,SPEAKER_28,484,,,,
CyrusOne/COB_20260323_Imported.mp3,SPEAKER_29,15,,,,
CyrusOne/COB_20260323_Imported.mp3,SPEAKER_30,22,,,,
CyrusOne/COB_20260323_Imported.mp3,SPEAKER_31,26,,,,
CyrusOne/COB_20260323_Imported.mp3,SPEAKER_32,20,,,,
CyrusOne/COB_20260323_Imported.mp3,SPEAKER_33,9,,,,
CyrusOne/COB_20260323_Imported.mp3,SPEAKER_34,27,,,,
CyrusOne/COB_20260323_Imported.mp3,SPEAKER_35,26,,,,
CyrusOne/COB_20260323_Imported.mp3,SPEAKER_36,22,,,,
CyrusOne/COB_20260323_Imported.mp3,SPEAKER_37,25,,,,
CyrusOne/COB_20260323_Imported.mp3,SPEAKER_38,38,,,,
CyrusOne/COB_20260323_Imported.mp3,SPEAKER_39,21,,,,
CyrusOne/COB_20260323_Imported.mp3,SPEAKER_40,44,,,,
CyrusOne/COB_20260323_Imported.mp3,SPEAKER_41,20,,,,
CyrusOne/COB_20260323_Imported.mp3,SPEAKER_42,34,,,,
CyrusOne/COB_20260323_Imported.mp3,SPEAKER_43,36,,,,
CyrusOne/COB_20260323_Imported.mp3,SPEAKER_44,29,,,,
CyrusOne/COB_20260323_Imported.mp3,SPEAKER_45,31,,,,
CyrusOne/COB_20260323_Imported.mp3,SPEAKER_46,19,,,,
CyrusOne/COB_20260323_Imported.mp3,SPEAKER_47,23,,,,
CyrusOne/COB_20260323_Imported.mp3,SPEAKER_48,28,,,,
CyrusOne/COB_20260323_Imported.mp3,SPEAKER_49,11,,,,
CyrusOne/COB_20260323_Imported.mp3,SPEAKER_50,21,,,,
CyrusOne/COB_20260323_Imported.mp3,SPEAKER_51,17,,,,
CyrusOne/COB_20260323_Imported.mp3,SPEAKER_52,28,,,,
CyrusOne/COB_20260323_Imported.mp3,SPEAKER_53,27,,,,
CyrusOne/COB_20260323_Imported.mp3,SPEAKER_54,14,,,,
CyrusOne/COB_20260323_Imported.mp3,SPEAKER_55,33,,,,
CyrusOne/COB_20260323_Imported.mp3,SPEAKER_56,38,,,,
CyrusOne/COB_20260323_Imported.mp3,SPEAKER_57,170,,,,
CyrusOne/COB_20260323_Imported.mp3,SPEAKER_58,28,,,,
CyrusOne/COB_20260323_Imported.mp3,SPEAKER_59,14,,,,
CyrusOne/COB_20260323_Imported.mp3,SPEAKER_60,25,,,,
CyrusOne/COB_20260323_Imported.mp3,SPEAKER_61,28,,,,
CyrusOne/COB_20260323_Imported.mp3,SPEAKER_62,39,,,,
CyrusOne/COB_20260323_Imported.mp3,SPEAKER_63,18,,,,
CyrusOne/COB_20260323_Imported.mp3,SPEAKER_64,6,,,,
CyrusOne/COB_20260323_Imported.mp3,SPEAKER_65,55,,,,
CyrusOne/COB_20260323_Imported.mp3,SPEAKER_66,137,,,,
CyrusOne/COB_20260323_Imported.mp3,SPEAKER_67,11,,,,
CyrusOne/COB_20260323_Imported.mp3,SPEAKER_68,34,,,,
CyrusOne/COB_20260323_Imported.mp3,SPEAKER_69,151,,,,
CyrusOne/COB_20260323_Imported.mp3,SPEAKER_70,40,,,,
CyrusOne/COB_20260323_Imported.mp3,SPEAKER_71,28,,,,
CyrusOne/COB_20260323_Imported.mp3,SPEAKER_72,24,,,,
CyrusOne/COB_20260323_Imported.mp3,SPEAKER_73,35,,,,
CyrusOne/COB_20260323_Imported.mp3,SPEAKER_74,15,,,,
CyrusOne/COB_20260323_Imported.mp3,SPEAKER_75,19,,,,
CyrusOne/COB_20260323_Imported.mp3,SPEAKER_76,21,,,,
CyrusOne/COB_20260323_Imported.mp3,SPEAKER_77,7,,,,
CyrusOne/COB_20260323_Imported.mp3,SPEAKER_78,21,,,,
